{
  "mappedPoints": [
    {
      "easting": 586904.184,
      "northing": 6307977.384
    },
    {
      "easting": 591588.672,
      "northing": 6299616.6
    },
    {
      "easting": 656729.573,
      "northing": 6185450.666
    },
    {
      "easting": 700524.241,
      "northing": 6156516.927
    }
  ],
  "flipSum": [
    "193.680697 km",
    "184.080697 km",
    "52.442896 km"
  ],
  "distance": "193.680697 km",
  "legsSum": [
    "9.600000 km",
    "141.237801 km",
    "193.680697 km"
  ],
  "legs": [
    "9.600000 km",
    "131.637801 km",
    "52.442896 km"
  ],
  "mappedZones": [
    {
      "lngZone": 55,
      "latZone": "H"
    }
  ]
}
