{
  "mappedPoints": [
    {
      "easting": 586878.719,
      "northing": 6307964.414
    },
    {
      "easting": 590952.041,
      "northing": 6299292.362
    },
    {
      "easting": 625629.531,
      "northing": 6226010.969
    },
    {
      "easting": 583129.001,
      "northing": 6182772.807
    }
  ],
  "flipSum": [
    "151.480084 km",
    "141.880084 km",
    "60.657208 km"
  ],
  "distance": "151.480084 km",
  "legsSum": [
    "9.600000 km",
    "90.822875 km",
    "151.480084 km"
  ],
  "legs": [
    "9.600000 km",
    "81.222875 km",
    "60.657208 km"
  ],
  "mappedZones": [
    {
      "lngZone": 55,
      "latZone": "H"
    }
  ]
}
