{
  "mappedPoints": [
    {
      "easting": 586872.197,
      "northing": 6308690.01
    },
    {
      "easting": 590788.952,
      "northing": 6317432.413
    },
    {
      "easting": 622412.192,
      "northing": 6387908.301
    },
    {
      "easting": 686504.579,
      "northing": 6406322.608
    }
  ],
  "flipSum": [
    "153.590022 km",
    "143.990022 km",
    "66.579832 km"
  ],
  "distance": "153.590022 km",
  "legsSum": [
    "9.600000 km",
    "87.010189 km",
    "153.590022 km"
  ],
  "legs": [
    "9.600000 km",
    "77.410189 km",
    "66.579832 km"
  ],
  "mappedZones": [
    {
      "lngZone": 55,
      "latZone": "H"
    }
  ]
}
